Id,High School Type,State,unweighted GPA,weighted GPA,SAT Math,SAT Verbal,SAT Writing,SAT 1600,SAT 2400,ACT,Class Rank,Status,,
1,Public,AZ,3.64,3.74,710,640,520,1350,1870,29,24 of 164,Denied,,
2,Public,ME,3.9,3.97,800,650,730,1450,2180,,1 of 218,Accepted,,
3,Private,OR,3.6,,710,680,,1390,1390,,DR,Denied,,
4,Public,PA,3.98,4.02,670,690,780,1360,2140,,1 of 68,Accepted,,
5,Public,CT,3.6,3.8,750,650,530,1400,1930,,DR,Accepted,,
6,Public,VA,4,4.78,590,590,590,1180,1770,27,DR,Denied,,
7,Public,CO,3.5,3.75,,,,0,0,29,Top 25%,Will Attend,,
8,Public,VA,4,4.71,800,800,800,1600,2400,,1 of 435,Accepted,,
9,Public,TX,3.65,4.1,750,750,660,1500,2160,35,59 of 701,Denied,,
10,Public,NV,4,4.6,700,770,800,1470,2270,,4 of 446,Accepted,,
11,Parochial,IL,3.49,3.74,,,,0,0,31,DR,Denied,,
12,Public,NJ,3.8,4.4,800,730,760,1530,2290,,Top 10%,Accepted,,
13,Public,CA,4,4.37,800,730,750,1530,2280,,Top 10%,Accepted,,
14,Public,NY,,3.5,650,640,610,1290,1900,25,Top 25%,Withdrawn,,
15,Public,CA,3.55,3.9,630,770,710,1400,2110,,53 of 452,Accepted,,
16,Private,PR,4,,630,650,650,1280,1930,27,Top 10%,Will Attend,,
17,Public,VA,3.92,4.33,,,,0,0,32,Top 10%,Accepted,,
18,Public,FL,3.92,4.39,620,670,580,1290,1870,33,120 of 550,Accepted,,
19,Public,WA,4,,800,730,700,1530,2230,,1 of 318,Accepted,,
20,Private,MD,4,4.4,760,730,710,1490,2200,,Top 10%,Accepted,,
21,Public,WI,4,0,,,,0,0,27,1 of 182,Denied,,
22,Public,NJ,3,3.7,800,630,700,1430,2130,,Top 25%,Denied,,
23,Public,CA,3.71,4.08,710,610,620,1320,1940,33,47 of 421,Accepted,,
24,Public,NY,3.8,,790,700,720,1490,2210,,DR,Accepted,,
25,Public,NJ,,4.2,770,660,750,1430,2180,31,Top 25%,Accepted,,
26,Public,MD,4,4.6,800,670,700,1470,2170,35,1 of 410,Will Attend,,
27,Public,CA,3.91,4.31,680,640,760,1320,2080,33,6 of 608,Denied,,
28,Private,CA,3.27,3.47,,,,0,0,31,DR,Accepted,,
29,Private,,3.85,3.85,760,700,740,1460,2200,34,DR,Accepted,,
30,Public,NJ,3.7,3.85,620,640,580,1260,1840,,95 of 569,Accepted,,
31,Public,NC,4,4.92,690,680,670,1370,2040,34,8 of 282,Accepted,,
32,,CA,3.94,4.23,670,730,620,1400,2020,34,Top 10%,Accepted,,
33,Public,MN,3.99,4.2,790,780,690,1570,2260,35,8 of 352,Accepted,,
34,Public,NJ,3.67,3.9,690,650,,1340,1340,,Top 10%,Accepted,,
35,Private,CO,,,,,,0,0,,,Accepted,,
36,Private,FL,3.8,4.1,610,650,630,1260,1890,29,DR,Denied,,
37,Public,PA,3.41,3.86,720,610,620,1330,1950,30,118 of 675,Denied,,
38,,NY,4,,610,570,570,1180,1750,,Top 10%,Will Attend,,
39,Public,IL,3.8,4.36,800,750,750,1550,2300,35,16 of 1000,Accepted,,
40,Private,IL,3.9,4.58,750,780,760,1530,2290,34,Top 10%,Accepted,,
41,Public,CT,3.8,4.56,800,700,710,1500,2210,,4 of 256,Accepted,,
42,Public,WA,4,,740,680,800,1420,2220,34,1 of 350,Accepted,,
43,Public,MD,3.98,4.7,770,650,690,1420,2110,,DR,Accepted,,
44,Public,OH,3.8,3.79,,,,0,0,20,155 of 334,Denied,,
45,Public,NY,2.7,2.7,740,540,680,1280,1960,,Bottom 50%,Accepted,,
46,Public,TX,3.5,4.1,,,,0,0,33,Top 25%,Withdrawn,,
47,Public,TX,3.7,4,600,700,610,1300,1910,30,98 of 700,Denied,,
48,Private,MI,3.85,4.04,800,660,750,1460,2210,34,2 of 88,Accepted,,
49,Public,CA,3.9,4.31,780,640,660,1420,2080,,8 of 435,Denied,,
50,Public,CA,3.92,4.3,800,700,710,1500,2210,36,DR,Accepted,,
51,Public,MD,3.76,4.52,620,640,710,1260,1970,,DR,Denied,,
52,Private,TX,3.72,,660,650,630,1310,1940,,DR,Accepted,,
53,Public,CO,3.9,4.2,780,720,790,1500,2290,34,8 of 318,Withdrawn,,
54,Public,NJ,3.8,4.8,740,800,,1540,1540,,6 of 350,Accepted,,
55,,NY,4,,800,770,800,1570,2370,,Top 10%,Will Attend,,
56,Public,CA,4,4.35,800,800,800,1600,2400,,Top 10%,Accepted,,
57,Public,NE,3.73,4.13,,,,0,0,35,15 of 393,Accepted,,
58,Public,NY,3.5,3.88,700,550,700,1250,1950,27,27 of 114,Accepted,,
59,Public,NY,3.84,4.1,690,650,660,1340,2000,29,7 of 247,Accepted,,
60,Public,NJ,3.85,,690,740,710,1430,2140,,DR,Accepted,,
61,Public,SC,,,,,,0,0,,,Denied,,
62,Public,FL,3.84,4.46,670,640,610,1310,1920,,Top 10%,Accepted,,
63,Public,MI,4,4.3,,,,0,0,33,2 of 500,Will Attend,,
64,Public,DE,3.8,,680,710,730,1390,2120,32,DR,Denied,,
65,Public,NY,3.88,,,,,0,0,30,DR,Denied,,
66,Public,MD,3.5,4,600,740,770,1340,2110,,DR,Accepted,,
67,Public,MD,3.86,4.6,800,730,760,1530,2290,,Top 10%,Accepted,,
68,Public,GA,3.97,4,,,,0,0,33,1 of 318,Denied,,
69,Public,CA,4,4.6,740,730,770,1470,2240,,10 of 600,Will Attend,,
70,Private,CA,4,4.09,790,640,700,1430,2130,27,1 of 25,Denied,,
71,Public,PA,3.8,4.3,750,690,780,1440,2220,,45 of 316,Will Attend,,
72,Public,CT,3.16,,660,600,660,1260,1920,,Top 25%,Denied,,
73,Public,PA,3.6,,600,560,580,1160,1740,,Top 25%,Denied,,
74,Public,UT,4,,,,,0,0,31,1 of 461,Denied,,
75,Public,MD,3.76,4.43,670,720,690,1390,2080,,28 of 310,Denied,,
76,Public,CO,4,4.2,780,680,650,1460,2110,30,52 of 374,Accepted,,
77,Parochial,CA,3.8,4.2,,,,0,0,34,Top 10%,Accepted,,
78,Parochial,,3.71,,690,700,750,1390,2140,,DR,Will Attend,,
79,Public,CA,3.86,4.97,760,610,640,1370,2010,35,3 of 539,Accepted,,
80,Public,PA,3.99,4.42,800,700,710,1500,2210,,1 of 543,Accepted,,
81,Public,CA,4,4.52,,,,0,0,27,1 of 459,Deferred,,
82,Public,MD,3.57,4.18,800,740,670,1540,2210,,57 of 350,Accepted,,
83,Private,,3.7,,720,530,600,1250,1850,25,Top 25%,Denied,,
84,Public,WA,3.94,4.52,800,720,750,1520,2270,,36 of 396,Accepted,,
85,Public,MA,3.57,4.52,730,690,730,1420,2150,32,DR,Denied,,
86,Public,NJ,3.4,4.03,750,680,790,1430,2220,31,Top 25%,Accepted,,
87,Home,CA,4,4.09,740,750,730,1490,2220,,2 of 24,Accepted,,
88,Public,NY,4,4.54,790,770,800,1560,2360,,1 of 153,Accepted,,
89,Public,CA,3.67,4,570,600,500,1170,1670,26,3 of 23,Denied,,
90,Public,MA,,4.15,650,660,740,1310,2050,,8 of 245,Accepted,,
91,Private,TX,3.96,4.26,740,800,800,1540,2340,35,17 of 206,Withdrawn,,
92,Public,VA,3.7,4.2,,,,0,0,34,Top 10%,Denied,,
93,Public,NC,3.9,4.4,700,700,730,1400,2130,35,3 of 405,Accepted,,
94,Public,NJ,3.4,3.5,710,720,660,1430,2090,32,DR,Denied,,
95,Public,MA,3.71,4.15,600,680,620,1280,1900,,19 of 282,Denied,,
96,Private,ME,3.9,4.8,670,600,670,1270,1940,,2 of 196,Accepted,,
97,Public,TX,4,4.02,740,620,710,1360,2070,,4 of 489,Accepted,,
98,Public,KS,3.99,4.25,,,,0,0,30,9 of 206,Accepted,,
99,Public,,,,770,580,580,1350,1930,27,DR,Denied,,
100,Public,CA,3.8,4.2,800,760,,1560,1560,,DR,Accepted,,
101,Public,NH,3.9,4.08,690,610,590,1300,1890,,1 of 80,Denied,,
102,Public,MD,3.84,5,630,570,720,1200,1920,,47 of 350,Accepted,,
103,Public,VA,3.3,3.4,630,650,590,1280,1870,,Top 25%,Will Attend,,
104,Public,CT,3.7,4,800,650,670,1450,2120,30,8 of 531,Accepted,,
105,Public,CA,4,4.83,750,680,780,1430,2210,31,1 of 252,Accepted,,
106,Private,DC,3.71,3.34,600,600,610,1200,1810,,DR,Accepted,,
107,Public,VA,3.7,3.9,680,630,720,1310,2030,,DR,Accepted,,
108,Public,PA,3.3,3.7,700,730,690,1430,2120,,20 of 135,Will Attend,,
109,Public,GA,3.9,,700,720,610,1420,2030,33,12 of 282,Accepted,,
110,Public,IL,3.8,4.34,770,640,680,1410,2090,,DR,Accepted,,
111,Public,IL,3.8,4,,,,0,0,33,Top 10%,Denied,,
112,Public,MD,4,4.05,680,600,660,1280,1940,,Top 10%,Accepted,,
113,Public,TX,3.5,3.76,680,800,760,1480,2240,,Top 25%,Denied,,
114,Private,,3.78,4.3,800,570,620,1370,1990,,Top 10%,Denied,,
115,Private,,3.8,4.3,740,710,740,1450,2190,,8 of 422,Accepted,,
116,Public,GA,4,5,700,740,740,1440,2180,,2 of 350,Accepted,,
117,Public,PA,4,4.33,700,660,750,1360,2110,,9 of 112,Accepted,,
118,Public,MD,3.8,4.35,800,750,610,1550,2160,,35 of 520,Denied,,
119,Private,WA,3.55,3.8,720,690,640,1410,2050,28,DR,Accepted,,
120,Public,VA,3.7,4.22,800,740,780,1540,2320,,DR,Denied,,
121,Public,NJ,3.55,4.26,800,730,670,1530,2200,,DR,Accepted,,
122,Public,CA,4,4.6,770,760,730,1530,2260,,2 of 620,Accepted,,
123,Private,CA,3.62,3.87,770,740,750,1510,2260,,DR,Denied,,
124,Public,NY,4,,570,590,630,1160,1790,28,3 of 92,Denied,,
125,Public,KY,3.92,4.7,800,570,600,1370,1970,32,Top 10%,Accepted,,
126,Public,NY,3.2,3.6,770,630,690,1400,2090,,DR,Denied,,
127,Public,PA,3.6,4.12,670,730,660,1400,2060,31,25 of 350,Will Attend,,
128,Public,KY,3.65,4.5,800,710,680,1510,2190,,48 of 424,Accepted,,
129,Public,MD,3.75,4.13,660,700,700,1360,2060,,Top 10%,Accepted,,
130,Public,MO,3.76,3.98,600,800,680,1400,2080,30,20 of 304,Accepted,,
131,Public,MA,3.6,3.75,650,680,710,1330,2040,,Top 25%,Denied,,
132,Public,,4,,800,800,730,1600,2330,,Top 10%,Accepted,,
133,Public,NY,3.7,,750,640,700,1390,2090,30,DR,Accepted,,
134,Public,IN,3.96,,690,730,600,1420,2020,32,7 of 370,Denied,,
135,Private,OK,4,4.19,750,690,800,1440,2240,,Top 10%,Accepted,,
136,Private,,3.8,4.7,700,750,750,1450,2200,35,2 of 31,Accepted,,
137,Public,KS,4,4.43,760,670,670,1430,2100,30,7 of 450,Will Attend,,
138,Public,NY,3.8,4.1,660,640,740,1300,2040,,Top 10%,Will Attend,,
139,Public,TN,3.53,4.55,580,710,670,1290,1960,29,12 of 289,Accepted,,
140,Public,GA,3.87,3.97,640,700,660,1340,2000,30,14 of 296,Will Attend,,
141,Public,CA,3.75,4.25,630,790,600,1420,2020,,20 of 660,Accepted,,
142,Public,NJ,,3.71,670,600,600,1270,1870,,36 of 126,Denied,,
143,Parochial,IN,4,4.04,730,600,700,1330,2030,,,Accepted,,
144,Public,CT,3.5,3.6,760,640,610,1400,2010,,DR,Accepted,,
145,Public,CA,3.68,,670,670,800,1340,2140,,Top 25%,Denied,,
146,Public,NY,,,,,,0,0,30,Top 10%,Will Attend,,
147,Public,NY,3.9,4.6,700,700,,1400,1400,,DR,Accepted,,
148,Parochial,VA,4,4,660,760,630,1420,2050,,DR,Accepted,,
149,Private,MA,3.8,,700,680,680,1380,2060,32,DR,Accepted,,
150,Public,NJ,3.75,3.75,800,710,800,1510,2310,,Top 25%,Accepted,,
151,Public,CA,3.76,,700,760,720,1460,2180,35,Top 10%,Withdrawn,,
152,Public,OR,3.96,4.35,780,660,660,1440,2100,28,7 of 473,Accepted,,
153,Private,MD,4,4.41,710,700,700,1410,2110,,1 of 68,Denied,,
154,Public,RI,4,4.5,800,800,800,1600,2400,,2 of 248,Accepted,,
155,Public,WI,3.9,,730,760,700,1490,2190,33,10 of 205,Denied,,
156,Public,MA,3.9,4.56,720,800,800,1520,2320,,1 of 275,Accepted,,
157,Parochial,TX,3.4,3.6,,,,0,0,31,DR,Accepted,,
158,Public,CA,4,,,,,0,0,,,Will Attend,,
159,Public,IL,3.05,3.67,690,760,710,1450,2160,32,154 of 768,Denied,,
160,Public,CO,3.4,3.7,730,770,720,1500,2220,34,96 of 392,Denied,,
161,Private,,4,4.25,650,620,540,1270,1810,,2 of 53,Accepted,,
162,,NY,,,,,,0,0,32,,Will Attend,,
163,Public,NY,3.6,,770,680,640,1450,2090,,DR,Will Attend,,
164,Public,NY,3.96,,,,,0,0,32,DR,Denied,,
165,Public,CO,3.14,3.45,680,550,600,1230,1830,25,362 of 929,Denied,,
166,Public,CA,3.55,4.48,720,660,720,1380,2100,32,DR,Denied,,
167,Public,MO,3.9,,800,800,800,1600,2400,36,Top 25%,Accepted,,
168,Public,GA,,3.7,650,600,600,1250,1850,29,185 of 652,Denied,,
169,Private,NH,3.85,3.85,620,680,750,1300,2050,28,DR,Withdrawn,,
170,Public,WA,3.91,4.3,770,780,740,1550,2290,,20 of 500,Accepted,,
171,Public,TX,4,,680,630,740,1310,2050,,3 of 590,Denied,,
172,Public,MA,3.26,4.17,750,800,760,1550,2310,,DR,Will Attend,,
173,Public,NC,3.92,4.6,730,580,600,1310,1910,,5 of 175,Accepted,,
174,Public,CA,3.97,4.5,800,750,700,1550,2250,,Top 10%,Accepted,,
175,Public,MD,3.9,3.83,760,750,790,1510,2300,32,Top 10%,Accepted,,
176,Public,NJ,3.9,4.58,740,710,800,1450,2250,,Top 10%,Accepted,,
177,Public,FL,3.5,4.4,760,710,630,1470,2100,,42 of 717,Accepted,,
178,Public,NV,3.93,4.13,670,420,400,1090,1490,,11 of 59,Denied,,
179,Public,FL,3.72,4.99,,,,0,0,33,11 of 540,Denied,,
180,Public,IL,4,4.54,,,,0,0,30,4 of 502,Will Attend,,
181,Public,PA,4,4.4,780,760,800,1540,2340,,DR,Accepted,,
182,Public,AZ,3.57,4.04,780,740,680,1520,2200,33,1 of 430,Will Attend,,
183,Public,NJ,3.82,4.86,770,730,630,1500,2130,31,30 of 322,Denied,,
184,Public,IL,4,4.28,800,760,770,1560,2330,35,5 of 380,Will Attend,,
185,Public,PA,3.95,4.21,,,,0,0,32,5 of 120,Will Attend,,
186,Public,MA,4,5,650,730,710,1380,2090,30,2 of 175,Accepted,,
187,Public,MI,3.92,,620,660,700,1280,1980,30,13 of 143,Accepted,,
188,,NY,3.83,4.74,770,690,770,1460,2230,,40 of 420,Will Attend,,
189,Public,NY,4,4.07,750,720,740,1470,2210,,1 of 254,Accepted,,
190,Private,CT,3.8,,700,760,770,1460,2230,,DR,Accepted,,
191,Parochial,SC,4,,780,700,780,1480,2260,33,Top 10%,Accepted,,
192,Public,MN,3.93,4.2,760,700,770,1460,2230,31,34 of 623,Accepted,,
193,Parochial,NY,3.1,3.4,620,580,610,1200,1810,25,32 of 76,Denied,,
194,Public,CA,3.8,4.1,680,610,,1290,1290,29,30 of 604,Denied,,
195,Public,NY,3.75,,,,,0,0,,Top 10%,Will Attend,,
196,Private,OH,4,4,780,800,,1580,1580,35,1 of 5,Accepted,,
197,Private,CA,3.6,4.16,760,730,800,1490,2290,32,DR,Withdrawn,,
198,Parochial,MA,4,4.43,720,700,,1420,1420,,1 of 196,Accepted,,
199,Public,NJ,3.5,3.6,790,760,740,1550,2290,,Top 25%,Accepted,,
200,Public,CA,3.62,3.85,690,590,620,1280,1900,27,136 of 709,Denied,,
201,Public,MD,3.5,4.2,760,780,,1540,1540,,DR,Will Attend,,
202,Public,NY,3.96,4.13,720,590,790,1310,2100,31,Top 10%,Accepted,,
203,Public,TX,3.93,4.22,700,720,690,1420,2110,,2 of 27,Accepted,,
204,Public,NY,4,4.53,690,630,600,1320,1920,,10 of 700,Accepted,,
205,Public,PA,3.61,3.61,790,730,670,1520,2190,,23 of 123,Accepted,,
206,Private,RI,3.91,,710,690,750,1400,2150,,Top 10%,Accepted,,
207,Public,PA,3.65,3.95,710,700,640,1410,2050,,DR,Accepted,,
208,Private,,3.62,3.62,640,590,590,1230,1820,,DR,Denied,,
209,,NY,3.72,4.13,640,730,770,1370,2140,,38 of 319,Accepted,,
210,Parochial,SC,4,5,800,750,750,1550,2300,35,1 of 85,Accepted,,
211,Public,TX,3.8,4.12,,,,0,0,32,95 of 998,Accepted,,
212,Public,MA,3.8,4.57,690,690,730,1380,2110,,12 of 180,Denied,,
213,Public,NJ,4,4.69,800,660,760,1460,2220,,3 of 346,Accepted,,
214,Parochial,PA,4,4.27,640,680,720,1320,2040,,2 of 54,Denied,,
215,Public,MD,3.9,5,699,639,690,1338,2028,,1 of 223,Accepted,,
216,Public,FL,3.95,5,770,730,760,1500,2260,34,1 of 413,Denied,,
217,Public,GA,3.81,4.2,590,580,610,1170,1780,24,4 of 490,Accepted,,
218,Public,GA,3.81,4.16,690,800,710,1490,2200,,Top 10%,Accepted,,
219,Private,NJ,3.5,4,800,720,680,1520,2200,33,14 of 50,Denied,,
220,Public,IA,3.85,4.37,730,760,770,1490,2260,34,41 of 336,Denied,,
221,Public,NJ,3.5,4.3,,,,0,0,32,20 of 162,Will Attend,,
222,Public,CA,4,4.5,,,,0,0,32,Top 10%,Denied,,
223,Private,NY,3.34,4.34,670,700,710,1370,2080,,DR,Will Attend,,
224,Public,NJ,3.52,4.85,800,710,710,1510,2220,,DR,Will Attend,,
225,Public,FL,4,4.5,540,610,660,1150,1810,31,2 of 453,Accepted,,
226,Public,VA,4,4.66,800,640,720,1440,2160,,15 of 471,Accepted,,
227,Private,MA,3.25,3.37,690,720,680,1410,2090,33,Top 25%,Denied,,
228,Public,CT,3.9,4.3,680,640,,1320,1320,29,20 of 530,Accepted,,
229,Private,FL,3.7,4.69,740,690,720,1430,2150,,Top 10%,Will Attend,,
230,Public,KS,4,4.8,720,600,,1320,1320,32,1 of 425,Accepted,,
231,Public,CA,4,4.3,660,780,790,1440,2230,32,6 of 186,Deferred,,
232,,NY,3.6,3.8,770,690,720,1460,2180,,DR,Denied,,
233,Public,CA,3.72,4.07,,,,0,0,33,DR,Will Attend,,
234,Private,NJ,4,5,710,670,720,1380,2100,,Top 10%,Will Attend,,
235,Public,OR,3.8,4.2,750,720,700,1470,2170,34,Top 10%,Withdrawn,,
236,,NY,3.96,5,800,730,760,1530,2290,,DR,Will Attend,,
237,Public,PA,4,4.2,620,710,650,1330,1980,,18 of 320,Accepted,,
238,Public,WI,3.99,4.94,,,,0,0,30,2 of 361,Accepted,,
239,Public,FL,3.72,5,550,640,630,1190,1820,32,Top 10%,Accepted,,
240,Public,CO,3.87,4.52,,,,0,0,31,,Accepted,,
241,Public,NJ,3.05,3.2,,,,0,0,34,DR,Denied,,
242,Public,CA,3.6,4.2,740,740,800,1480,2280,,Top 10%,Accepted,,
243,Public,GA,3.9,4.1,700,700,640,1400,2040,31,Top 25%,Accepted,,
244,Public,OH,3.95,4.45,770,680,690,1450,2140,34,5 of 330,Accepted,,
245,Public,NY,3.84,4.68,,,,0,0,31,Top 10%,Withdrawn,,
246,Public,CO,3.86,4.62,720,680,620,1400,2020,33,16 of 660,Accepted,,
247,Public,OH,4,4.43,760,690,690,1450,2140,34,11 of 634,Will Attend,,
248,Public,NJ,3,,620,510,600,1130,1730,,DR,Accepted,,
249,Public,NJ,3.6,4,730,650,630,1380,2010,33,DR,Denied,,
250,Public,GA,3.81,3.91,700,540,540,1240,1780,28,78 of 394,Accepted,,
251,Public,NJ,3.7,4,800,790,800,1590,2390,,DR,Accepted,,
252,Public,CA,3.58,4.24,,,,0,0,31,100 of 574,Will Attend,,
253,Public,NY,3.9,4.18,800,700,700,1500,2200,,Top 10%,Accepted,,
254,Public,PA,3.9,4.5,780,670,710,1450,2160,33,Top 10%,Will Attend,,
255,Public,MA,3.6,4.57,760,620,730,1380,2110,30,Top 10%,Denied,,
256,Public,TX,4,4,800,660,710,1460,2170,35,DR,Accepted,,
257,Public,NY,3.86,4.02,710,670,640,1380,2020,29,6 of 430,Accepted,,
258,Private,NJ,2.5,,580,610,480,1190,1670,,35 of 67,Denied,,
259,Public,MA,4,4.07,760,780,800,1540,2340,,11 of 410,Will Attend,,
260,Public,PA,4,4.6,720,690,650,1410,2060,34,2 of 140,Accepted,,
261,Public,NH,4,4.83,770,720,600,1490,2090,,5 of 322,Denied,,
262,Public,CA,3.96,4.6,760,730,630,1490,2120,33,3 of 455,Denied,,
263,Public,CO,3.9,4.2,700,670,700,1370,2070,32,11 of 537,Denied,,
264,Public,NJ,3.78,3.96,730,750,760,1480,2240,33,22 of 550,Accepted,,
265,Public,NJ,3.73,3.97,730,750,760,1480,2240,33,21 of 526,Accepted,,
266,Public,NY,4,4,740,760,,1500,1500,,Top 10%,Will Attend,,
267,Home,CT,3.89,,690,780,720,1470,2190,,32 of 497,Accepted,,
268,Private,CT,3.8,,,,,0,0,32,Top 10%,Accepted,,
269,Public,,3.7,4.12,,,,0,0,34,14 of 360,Accepted,,
270,Public,IN,4,4.75,790,760,790,1550,2340,,2 of 189,Denied,,
271,Public,NJ,3.4,3.95,760,750,760,1510,2270,,DR,Denied,,
272,Public,WI,3.92,,780,740,690,1520,2210,33,DR,Accepted,,
273,Public,NY,3.78,4.1,770,570,680,1340,2020,29,DR,Accepted,,
274,Public,CA,3.6,4.2,540,570,620,1110,1730,,29 of 423,Will Attend,,
275,Public,VA,3.8,4.32,760,750,800,1510,2310,32,DR,Will Attend,,
276,Public,GA,3.55,3.96,790,690,770,1480,2250,,86 of 605,Denied,,
277,Public,CT,3.5,,760,600,720,1360,2080,30,39 of 390,Denied,,
278,Private,MA,3.64,4.2,800,640,620,1440,2060,34,DR,Denied,,
279,,NY,,,,,,0,0,,,Will Attend,,
280,Private,,3.7,3.9,800,680,740,1480,2220,33,Top 10%,Accepted,,
281,Public,NY,3.7,,720,750,750,1470,2220,,DR,Will Attend,,
282,Public,AZ,3.5,4.1,780,730,680,1510,2190,,80 of 459,Accepted,,
283,Public,VA,4,4.72,760,720,640,1480,2120,,3 of 428,Accepted,,
284,Public,NY,4,,570,590,630,1160,1790,28,3 of 90,Denied,,
285,Private,,3.4,3.8,670,600,670,1270,1940,,DR,Denied,,
286,Private,,3.8,4.3,790,650,740,1440,2180,34,Top 10%,Accepted,,
287,Public,MD,4,4.74,800,720,710,1520,2230,,4 of 317,Accepted,,
288,Private,,3.98,3.98,730,660,660,1390,2050,28,1 of 48,Accepted,,
289,Public,OK,4,4.5,,,,0,0,34,1 of 1145,Accepted,,
290,Public,AZ,3.98,4.74,790,800,720,1590,2310,36,18 of 595,Accepted,,
291,Public,OH,2.7,,740,680,580,1420,2000,,Bottom 50%,Denied,,
292,Public,NY,3.8,,690,720,770,1410,2180,,Top 10%,Accepted,,
293,Public,TX,3.99,4.95,760,710,690,1470,2160,33,3 of 611,Accepted,,
294,Public,OR,3.88,4.1,680,700,750,1380,2130,32,Top 10%,Will Attend,,
295,Public,CT,3.66,3.89,760,740,660,1500,2160,32,64 of 578,Denied,,
296,Public,CA,3.94,4.28,800,680,750,1480,2230,34,Top 25%,Accepted,,
297,Public,MD,3.5,3.71,720,500,560,1220,1780,26,DR,Denied,,
298,Public,PA,3.8,4.25,750,620,670,1370,2040,33,2 of 160,Will Attend,,
299,Public,NJ,3.8,,710,700,700,1410,2110,32,DR,Accepted,,
300,Private,DC,,3.63,730,800,680,1530,2210,,DR,Will Attend,,
301,Public,MD,3.54,4.15,770,660,670,1430,2100,,DR,Accepted,,
302,Public,PA,3.94,3.94,650,640,610,1290,1900,31,DR,Denied,,
303,Public,NY,4,,710,540,540,1250,1790,29,1 of 62,Accepted,,
304,Public,MD,3.91,4.6,800,740,800,1540,2340,,DR,Accepted,,
305,,NY,0,,740,800,780,1540,2320,,DR,Accepted,,
306,Public,OH,3.9,4.33,660,680,680,1340,2020,33,3 of 250,Accepted,,
307,Public,WA,3.93,,,,,0,0,34,Top 10%,Denied,,
308,Public,NY,4,4.4,680,680,710,1360,2070,30,DR,Accepted,,
309,Private,NJ,3.6,,640,630,660,1270,1930,,DR,Will Attend,,
310,Public,IA,4,,800,770,780,1570,2350,,2 of 239,Accepted,,
311,,NY,3.79,3.79,800,670,760,1470,2230,,Top 25%,Accepted,,
312,Public,CT,3.5,3.8,,,,0,0,34,DR,Denied,,
313,Public,NJ,3.7,5,690,690,750,1380,2130,,7 of 398,Accepted,,
314,Public,NJ,4,,710,620,770,1330,2100,,4 of 314,Denied,,
315,Public,NJ,4,4.8,760,700,680,1460,2140,,1 of 201,Accepted,,
316,Public,CA,4,4.71,800,800,,1600,1600,,1 of 454,Accepted,,
317,Public,OH,3.97,,,,,0,0,30,130 of 706,Denied,,
318,Public,PA,4,4.12,790,750,720,1540,2260,,1 of 339,Will Attend,,
319,Public,CT,3.8,4.1,800,510,560,1310,1870,28,41 of 282,Denied,,
320,Public,PA,3.96,4.35,800,670,730,1470,2200,,Top 10%,Accepted,,
321,Private,CA,3.7,4.1,760,560,700,1320,2020,29,DR,Denied,,
322,Public,LA,3.97,3.97,790,740,740,1530,2270,35,DR,Will Attend,,
323,Public,TX,3.84,,650,710,690,1360,2050,33,110 of 675,Denied,,
324,Private,FL,3.4,4.2,690,550,620,1240,1860,31,Top 25%,Accepted,,
325,Public,CA,3.7,4.1,730,730,750,1460,2210,34,DR,Accepted,,
326,Public,MT,3.78,,640,650,650,1290,1940,,13 of 142,Denied,,
327,Public,CA,3.71,4.03,790,800,770,1590,2360,,DR,Denied,,
328,Public,CO,3.6,3.82,,,,0,0,32,Top 25%,Denied,,
329,Parochial,FL,4,4.68,760,770,700,1530,2230,,1 of 75,Accepted,,
330,Private,MD,3.31,,700,580,620,1280,1900,,Top 25%,Will Attend,,
331,Public,NY,3.6,3.7,620,600,700,1220,1920,29,Top 25%,Denied,,
332,Public,MA,3.67,4.37,780,660,780,1440,2220,,9 of 201,Accepted,,
333,Public,MD,3.94,4.28,750,800,800,1550,2350,,59 of 620,Accepted,,
334,Public,NY,3.7,4,610,610,660,1220,1880,,6 of 315,Accepted,,
335,Public,CA,3.92,4.77,,,,0,0,34,DR,Denied,,
336,Public,VA,3.8,3.91,740,610,,1350,1350,,DR,Will Attend,,
337,Public,NC,3.8,5,720,670,710,1390,2100,30,12 of 456,Denied,,
338,Public,TX,3.84,4.79,780,740,680,1520,2200,35,8 of 576,Accepted,,
339,Private,,3.9,,780,680,780,1460,2240,,Top 10%,Accepted,,
340,Public,,3.8,4.3,680,730,750,1410,2160,33,Top 10%,Will Attend,,
341,Public,NY,3.75,3.9,760,730,760,1490,2250,,DR,Accepted,,
342,Public,TX,3.61,4.47,660,640,610,1300,1910,29,106 of 887,Denied,,
343,Public,WA,3.95,3.95,750,720,800,1470,2270,,4 of 400,Accepted,,
344,Public,VA,3.96,3.96,700,730,,1430,1430,,23 of 400,Accepted,,
345,Public,PA,3.9,4.3,800,800,730,1600,2330,,2 of 532,Accepted,,
346,Public,NY,4,5,790,690,710,1480,2190,,10 of 194,Accepted,,
347,Public,LA,4,4.8,800,740,800,1540,2340,35,2 of 339,Accepted,,
348,Public,MA,3.63,4.57,760,740,760,1500,2260,,Top 10%,Will Attend,,
349,Public,PA,4,4.5,800,610,640,1410,2050,32,Top 10%,Will Attend,,
350,Public,CA,4,4.78,770,780,760,1550,2310,,Top 10%,Denied,,
351,Private,NY,2.65,,730,650,590,1380,1970,,DR,Accepted,,
352,Public,PA,3.5,4,620,640,590,1260,1850,,Top 10%,Accepted,,
353,Private,CA,3.75,4.15,,,,0,0,32,Top 10%,Denied,,
354,Public,,3.28,4.08,690,540,550,1230,1780,26,54 of 252,Denied,,
355,Public,PA,3.82,4.32,710,670,720,1380,2100,,Top 10%,Will Attend,,
356,Public,NM,4,5,,,,0,0,32,4 of 362,Accepted,,
357,Public,CA,3.93,4.53,800,760,660,1560,2220,35,6 of 406,Will Attend,,
358,Public,NJ,3.8,4,800,790,800,1590,2390,,DR,Accepted,,
359,Public,GA,4,5,680,680,620,1360,1980,,13 of 346,Denied,,
360,Public,MA,3.5,,770,640,670,1410,2080,,DR,Will Attend,,
361,Public,CT,3.5,4,590,800,760,1390,2150,,Top 25%,Will Attend,,
362,Private,,4,,790,760,780,1550,2330,,1 of 120,Will Attend,,
363,Public,PA,4,4.5,730,710,760,1440,2200,31,1 of 398,Will Attend,,
364,Public,NY,3.47,,800,750,800,1550,2350,,Top 10%,Accepted,,
365,Private,CA,3.5,3.59,610,600,650,1210,1860,,Top 25%,Accepted,,
366,Public,PA,4,,800,800,790,1600,2390,,Top 10%,Accepted,,
367,Public,MD,3.85,3.45,760,580,650,1340,1990,,Top 10%,Denied,,
368,Public,NY,4,,700,700,620,1400,2020,30,35 of 755,Accepted,,
369,Public,CT,4,4,700,700,730,1400,2130,,3 of 363,Accepted,,
370,Public,VA,3.8,4.1,710,640,600,1350,1950,,Top 10%,Denied,,
371,Public,NJ,3.65,4.22,750,700,680,1450,2130,,18 of 298,Denied,,
372,Public,OR,3.87,4.36,800,760,800,1560,2360,33,20 of 600,Will Attend,,
373,Public,MD,3.8,4.1,730,750,750,1480,2230,33,DR,Will Attend,,
374,Public,PA,3,3.5,670,760,710,1430,2140,,110 of 140,Denied,,
375,Public,AK,3.7,3.99,650,700,670,1350,2020,29,16 of 201,Accepted,,
376,Public,IL,3.73,4.65,,,,0,0,34,DR,Wait-Listed,,
377,Public,MI,3.8,3.9,,,,0,0,29,DR,Wait-Listed,,
378,Public,OH,4,4.35,,,,0,0,33,3 of 270,Wait-Listed,,
379,Public,CA,3.71,3.92,780,740,790,1520,2310,29,DR,Wait-Listed,,
380,Private,,4,,800,690,750,1490,2240,,1 of 70,Wait-Listed,,
381,Private,CA,3.58,3.75,780,760,680,1540,2220,,DR,Wait-Listed,,
382,Public,IN,3.4,4.5,760,730,690,1490,2180,,62 of 828,Wait-Listed,,
383,Public,MA,3.34,3.92,750,770,800,1520,2320,,DR,Wait-Listed,,
384,Public,PA,3.8,3.8,720,620,640,1340,1980,31,Top 10%,Wait-Listed,,
385,Public,CA,3.93,4.64,780,760,770,1540,2310,,6 of 681,Wait-Listed,,
386,Public,PA,3.76,4.44,720,610,720,1330,2050,,Top 10%,Wait-Listed,,
387,Public,NJ,3.85,4.38,800,620,800,1420,2220,31,36 of 380,Wait-Listed,,
388,Public,PA,3.73,,620,670,660,1290,1950,,49 of 342,Wait-Listed,,
389,Private,TX,3.9,,780,710,710,1490,2200,,Top 10%,Wait-Listed,,
390,Public,MD,3.42,4.28,600,640,640,1240,1880,,9 of 315,Wait-Listed,,
391,Public,CT,3.75,,700,690,680,1390,2070,29,Top 25%,Wait-Listed,,
392,Home,WI,3.98,,660,690,640,1350,1990,,DR,Wait-Listed,,
393,Public,TX,4,5,780,720,800,1500,2300,35,18 of 672,Wait-Listed,,
394,Private,CA,3.74,4.14,690,680,680,1370,2050,33,10 of 88,Wait-Listed,,
395,Public,CA,3.7,3.92,640,640,630,1280,1910,30,Top 10%,Wait-Listed,,
396,Public,CA,3.85,4.24,800,740,740,1540,2280,,Top 25%,Wait-Listed,,
397,Private,,3.52,3.62,740,690,710,1430,2140,28,Top 10%,Wait-Listed,,
398,Public,PA,3.71,,790,800,780,1590,2370,31,37 of 545,Wait-Listed,,
399,Public,PA,3.98,4.4,700,670,650,1370,2020,,2 of 181,Wait-Listed,,
400,Public,PA,3.8,,600,640,740,1240,1980,,16 of 520,Wait-Listed,,
401,Public,VA,3.85,3.85,720,640,690,1360,2050,,DR,Wait-Listed,,
402,Public,PA,4,4.4,610,680,600,1290,1890,28,5 of 405,Wait-Listed,,
403,Public,NY,3.9,4.15,,,,0,0,27,4 of 57,Wait-Listed,,
404,Private,NJ,3.5,3.7,740,610,730,1350,2080,32,DR,Wait-Listed,,
405,,NY,,,800,680,700,1480,2180,35,,Wait-Listed,,
406,Public,PA,4,4.5,800,680,780,1480,2260,,1 of 188,Wait-Listed,,
407,Public,WA,3.79,,700,670,650,1370,2020,35,49 of 464,Wait-Listed,,
408,Private,MD,4,,690,770,750,1460,2210,,DR,Wait-Listed,,
409,Public,MA,3.88,4.39,770,620,710,1390,2100,,DR,Wait-Listed,,
410,Public,CA,3.97,4.33,790,690,770,1480,2250,,24 of 576,Wait-Listed,,
411,Public,FL,3.97,4.67,760,780,720,1540,2260,34,Top 10%,Wait-Listed,,
412,Public,WA,3.82,4.7,760,740,690,1500,2190,35,DR,Wait-Listed,,
413,Public,PA,3.8,4.13,670,670,660,1340,2000,,43 of 370,Wait-Listed,,
414,Public,NY,4,4,660,670,620,1330,1950,,26 of 978,Wait-Listed,,
415,Public,CA,3.67,4.67,760,730,800,1490,2290,33,Top 10%,Wait-Listed,,
416,Public,CA,3.75,4.03,800,630,700,1430,2130,34,67 of 430,Wait-Listed,,
417,Public,NJ,3.44,,780,580,680,1360,2040,,DR,Wait-Listed,,
418,Private,,3.75,4.1,800,730,800,1530,2330,,DR,Wait-Listed,,
419,Private,,4,4.8,720,740,720,1460,2180,,DR,Wait-Listed,,
420,Public,MA,3.5,3.92,800,690,640,1490,2130,,Top 10%,Wait-Listed,,
421,Public,MD,3.93,4.59,690,680,700,1370,2070,32,DR,Wait-Listed,,
422,Public,SC,4,4.71,800,750,640,1550,2190,33,23 of 438,Wait-Listed,,
423,Public,TX,3.83,,790,740,800,1530,2330,,10 of 549,Wait-Listed,,
424,Public,CA,3.87,,,,,0,0,27,DR,Wait-Listed,,
425,Public,CA,3.83,4.38,,,,0,0,34,Top 10%,Wait-Listed,,
426,Public,NJ,3.85,4.49,800,800,710,1600,2310,,DR,Wait-Listed,,
427,Public,OH,3.96,,,,,0,0,33,Top 10%,Wait-Listed,,
428,Private,PR,3.7,,620,640,590,1260,1850,27,8 of 40,Wait-Listed,,
429,Public,NY,3.25,3.3,800,600,660,1400,2060,,Top 25%,Wait-Listed,,
430,Public,NJ,3.8,4.3,790,700,780,1490,2270,,Top 25%,Wait-Listed,,
431,Public,WI,3.94,4.04,,,,0,0,33,10 of 440,Wait-Listed,,
432,Home,HI,3.8,3.9,720,580,660,1300,1960,,Top 10%,Wait-Listed,,
433,Public,PA,3.8,4,660,740,680,1400,2080,,Top 25%,Wait-Listed,,
434,Public,CA,3.6,3.93,600,760,750,1360,2110,30,97 of 757,Wait-Listed,,
435,Private,MO,3.9,,760,690,730,1450,2180,34,DR,Wait-Listed,,
436,Public,CA,3.9,4.2,730,760,730,1490,2220,,Top 10%,Wait-Listed,,
437,Public,PA,3.95,4.7,720,760,780,1480,2260,,1 of 129,Wait-Listed,,
438,Parochial,OR,3.95,4.2,650,730,620,1380,2000,,Top 25%,Wait-Listed,,
439,Public,NY,3.9,,720,630,650,1350,2000,,12 of 386,Wait-Listed,,
440,Public,OH,3.9,4.07,720,740,660,1460,2120,35,18 of 232,Wait-Listed,,
441,Public,IL,3.3,3.8,650,710,730,1360,2090,31,116 of 561,Wait-Listed,,
442,Public,NJ,3.58,3.8,740,640,640,1380,2020,,Top 25%,Wait-Listed,,
443,Public,CO,4,4.7,700,730,630,1430,2060,34,1 of 328,Wait-Listed,,
444,Public,OR,3.9,4.2,680,640,600,1320,1920,29,11 of 260,Wait-Listed,,
445,Public,NJ,3.53,4.36,750,690,700,1440,2140,,29 of 297,Wait-Listed,,
446,Public,IL,3.49,4.02,800,800,800,1600,2400,36,Top 10%,Wait-Listed,,
447,Public,CA,4,,800,800,770,1600,2370,,1 of 750,Applied,,
448,Public,NY,3.7,3.7,740,740,660,1480,2140,,DR,Applied,,
449,Private,,3.7,,680,560,580,1240,1820,,DR,Applied,,
450,Private,,3.88,,760,690,700,1450,2150,,2 of 40,Applied,,
451,Private,,3.6,,690,670,700,1360,2060,,10 of 42,Applied,,
452,Public,CA,3.03,3.4,580,580,580,1160,1740,25,Top 25%,Applied,,
453,Public,NY,4,4.33,720,690,610,1410,2020,,1 of 184,Applied,,
454,Private,CA,3.43,3.84,720,710,700,1430,2130,,DR,Applied,,
455,Public,FL,3.58,4.46,760,700,710,1460,2170,,Top 10%,Applied,,
456,Parochial,CA,3.9,4.3,,,,0,0,31,DR,Applied,,
457,Public,WA,3.99,,800,710,770,1510,2280,,20 of 579,Applied,,
458,Private,CA,3.5,3.9,780,670,720,1450,2170,,DR,Applied,,
459,Public,NJ,3.88,4.45,770,660,730,1430,2160,31,4 of 358,Applied,,
460,Public,NY,3.62,3.84,780,680,690,1460,2150,36,DR,Applied,,
461,Private,PR,4,4.2,530,680,660,1210,1870,,5 of 54,Applied,,
462,Private,OH,3.8,4,800,650,700,1450,2150,,Top 10%,Applied,,
463,Private,NJ,3.6,3.6,740,600,560,1340,1900,,DR,Applied,,
464,Public,CT,3.89,,720,610,540,1330,1870,,8 of 300,Applied,,
465,Public,CA,3.88,,760,570,690,1330,2020,,Top 25%,Applied,,
466,Public,WI,3.98,3.98,,,,0,0,32,Top 10%,Applied,,
467,Public,CA,4,4.2,,,,0,0,35,DR,Applied,,
468,Public,CA,3.97,4.36,800,650,720,1450,2170,,DR,Applied,,
469,Public,MI,3.8,4.06,700,800,690,1500,2190,32,13 of 350,Applied,,
470,Private,NJ,3.89,4.24,770,590,630,1360,1990,,17 of 162,Applied,,
471,Public,IL,3.48,4.23,770,740,690,1510,2200,35,DR,Applied,,
472,Parochial,ID,3.45,,,,,0,0,28,108 of 182,Applied,,
473,Public,CA,3.56,4.32,800,700,800,1500,2300,,Top 25%,Applied,,
474,Public,TX,3.37,3.37,770,540,730,1310,2040,,Top 50%,Applied,,
475,Private,IN,,,,,,0,0,,,Applied,,
476,Public,KY,3.88,,750,770,800,1520,2320,,DR,Applied,,
477,Public,CA,3.51,3.82,660,670,610,1330,1940,29,Top 25%,Applied,,
478,Public,NY,3.8,3.86,730,640,650,1370,2020,31,45 of 583,Applied,,
479,Public,CA,3.97,4.41,600,670,590,1270,1860,,1 of 84,Applied,,
480,Public,CA,4,4.19,750,700,640,1450,2090,,Top 10%,Applied,,
481,Public,GA,3.64,3.64,720,610,680,1330,2010,,Top 25%,Applied,,
482,Public,CA,3.92,4.2,800,730,770,1530,2300,35,Top 10%,Applied,,
483,Parochial,NY,3.8,4.2,740,730,660,1470,2130,,6 of 64,Applied,,
484,Public,NY,4,4.7,730,730,640,1460,2100,31,1 of 173,Applied,,
485,Private,CA,3.98,4.65,750,800,720,1550,2270,36,DR,Applied,,
486,Private,TX,4,4.08,670,660,750,1330,2080,,5 of 82,Applied,,
487,Public,ID,4,4.56,770,670,670,1440,2110,30,1 of 303,Applied,,
488,Private,,3.52,3.89,710,650,670,1360,2030,,Top 10%,Applied,,
489,Private,MD,3.5,,610,610,670,1220,1890,,6 of 16,Applied,,
490,,NY,3.9,3.9,780,580,570,1360,1930,,Top 10%,Applied,,
491,Public,NY,3.83,,,,,0,0,34,Top 10%,Applied,,
492,Public,CA,4,4.3,800,560,680,1360,2040,,7 of 40,Applied,,
493,Public,OH,3.7,3.85,680,680,610,1360,1970,,21 of 361,Applied,,
494,Public,NJ,3,,560,430,430,990,1420,,DR,Applied,,
495,Parochial,MD,3.75,4,670,600,600,1270,1870,28,14 of 80,Applied,,
496,Private,NJ,3.22,,800,600,610,1400,2010,33,Top 50%,Applied,,
497,Public,PA,3.7,4.07,560,640,650,1200,1850,31,28 of 240,Applied,,
498,Public,ME,3.6,4.2,670,720,730,1390,2120,,Top 10%,Applied,,
499,Public,WA,3.88,4.3,630,580,650,1210,1860,28,Top 25%,Applied,,
500,Public,VA,3.5,4.2,,,,0,0,,Top 10%,Applied,,
501,Public,IL,3.94,,800,610,650,1410,2060,,DR,Applied,,
502,Public,OH,4,4.5,720,660,620,1380,2000,32,11 of 380,Applied,,
503,Public,PA,3.96,4.26,,,,0,0,32,12 of 107,Applied,,
504,Public,NH,2.9,3.3,620,750,690,1370,2060,,139 of 333,Applied,,
505,Public,NY,3.4,3.89,570,540,520,1110,1630,21,62 of 164,Applied,,
506,Public,MA,4,4.72,760,640,770,1400,2170,,DR,Applied,,
507,Public,CA,3.5,3.97,710,540,610,1250,1860,,49 of 550,Applied,,
508,Public,CA,3.4,3.7,800,720,740,1520,2260,,DR,Applied,,
509,Private,CA,3.88,4.17,680,660,800,1340,2140,,1 of 9,Applied,,
510,Public,CA,3.83,4,730,660,590,1390,1980,30,Top 25%,Applied,,
511,Public,MI,3.66,,700,700,700,1400,2100,31,Top 10%,Applied,,
512,Public,,4,,800,660,660,1460,2120,,Top 10%,Applied,,
513,Public,PA,2.43,2.58,660,620,640,1280,1920,,DR,Applied,,
514,Public,CA,3.6,4.2,720,670,690,1390,2080,,40 of 860,Applied,,
515,Private,FL,3.85,4.41,690,680,760,1370,2130,31,DR,Applied,,
516,Public,OH,3.96,,,,,0,0,33,15 of 450,Applied,,
517,Public,NJ,3.89,,750,725,730,1475,2205,31,Top 25%,Applied,,
518,Public,CA,3.95,4.57,800,710,790,1510,2300,,5 of 176,Applied,,
519,Private,CA,4,4.55,790,590,680,1380,2060,32,7 of 137,Applied,,
520,Public,NY,4,,600,650,700,1250,1950,,Top 25%,Applied,,
521,Public,MD,3.3,3.5,670,650,730,1320,2050,,125 of 700,Applied,,
522,Private,,3.8,,800,540,560,1340,1900,,6 of 60,Applied,,
523,Public,NJ,3.7,4.45,560,540,470,1100,1570,25,13 of 332,Applied,,
524,Private,,3.9,3.75,680,690,680,1370,2050,31,DR,Applied,,
525,,NY,4,5,740,540,590,1280,1870,,12 of 291,Applied,,
526,Public,CA,3.72,4.22,740,700,680,1440,2120,33,Top 10%,Applied,,
527,Public,CA,3.86,4.29,,,,0,0,34,Top 10%,Applied,,
528,Public,OH,3.9,4.3,,,,0,0,32,DR,Applied,,
529,Private,TX,3.75,3.96,780,730,670,1510,2180,,1 of 33,Applied,,
530,Public,NJ,3.9,4.1,760,690,780,1450,2230,,Top 25%,Applied,,
531,Public,WA,4,4.18,800,800,750,1600,2350,,1 of 450,Applied,,
532,Public,NY,4,4.3,,,,0,0,35,DR,Applied,,
533,Public,AZ,4,4.83,790,640,650,1430,2080,32,3 of 780,Applied,,
534,Public,VA,4,4.11,720,600,600,1320,1920,29,30 of 300,Applied,,
535,Public,NY,3.98,,780,630,630,1410,2040,33,13 of 550,Applied,,
536,Public,TX,3.41,4.59,670,560,660,1230,1890,29,Top 50%,Applied,,
537,Public,WV,3.23,3.34,800,670,700,1470,2170,,Top 50%,Applied,,
538,Public,VA,3.35,3.4,720,680,690,1400,2090,,DR,Applied,,
539,Public,IN,3.89,4.54,800,760,730,1560,2290,,40 of 430,Applied,,
540,Private,SC,3.65,4.5,610,650,680,1260,1940,27,DR,Applied,,
541,Public,PA,3.8,,710,720,670,1430,2100,,15 of 364,Applied,,
542,Public,MI,3.68,,610,630,700,1240,1940,30,DR,Applied,,
543,Public,CT,3.81,4.16,800,730,790,1530,2320,34,Top 10%,Applied,,
544,Public,NJ,3.8,3.8,710,640,610,1350,1960,31,Top 25%,Applied,,
545,Public,OH,4,4.23,800,620,760,1420,2180,31,2 of 400,Applied,,
546,Public,FL,4,4.79,690,720,670,1410,2080,33,7 of 158,Applied,,
547,Private,CT,3.93,,720,740,690,1460,2150,35,DR,Applied,,
548,Public,FL,3.62,4.38,800,740,730,1540,2270,32,DR,Applied,,
549,Public,NY,4,5,700,770,680,1470,2150,,2 of 702,Applied,,
550,,NY,3.93,,800,720,710,1520,2230,,Top 10%,Applied,,
551,Parochial,FL,3.7,3.72,800,610,610,1410,2020,,Top 10%,Applied,,
552,Private,MN,4,4,,,,0,0,29,Top 10%,Applied,,
553,Public,CA,3.81,4.12,800,730,750,1530,2280,36,Top 10%,Applied,,
554,Public,NY,3,,620,560,540,1180,1720,,DR,Applied,,
555,Public,NY,4,,800,700,630,1500,2130,,Top 25%,Applied,,
556,Public,FL,3.8,4.32,740,720,790,1460,2250,34,Top 10%,Applied,,
557,Public,MI,3.87,4.43,750,660,640,1410,2050,35,3 of 303,Applied,,
558,Public,NJ,2.96,3.64,710,630,630,1340,1970,28,DR,Applied,,
559,Public,OH,3.98,,,,,0,0,,5 of 311,Applied,,
560,Parochial,MS,3.96,4.2,690,800,670,1490,2160,,DR,Applied,,
561,Public,FL,3.9,5,670,620,650,1290,1940,28,2 of 289,Applied,,
562,Public,CA,3.83,3.83,610,610,610,1220,1830,,800 of 1000,Applied,,
563,Public,MA,3.5,3.7,620,610,540,1230,1770,28,Top 25%,Applied,,
564,Public,MD,2.9,3.26,600,730,660,1330,1990,,,Applied,,
565,Parochial,CA,3.7,3.83,,,,0,0,32,10 of 40,Applied,,
566,Public,OH,4,4.45,,,,0,0,35,1 of 322,Applied,,
567,Public,MD,3.98,4.67,740,760,720,1500,2220,,DR,Applied,,
568,Public,NJ,3.87,,,,,0,0,28,Top 10%,Applied,,
569,Public,,4,5,710,530,610,1240,1850,,1 of 44,Applied,,
570,Public,NY,3.75,4.2,690,750,670,1440,2110,33,6 of 141,Applied,,
571,Public,PA,4,4.14,720,630,720,1350,2070,,4 of 211,Applied,,
572,Public,RI,3.84,4.06,720,660,590,1380,1970,,DR,Applied,,
573,Public,NY,3.7,,800,620,710,1420,2130,32,DR,Applied,,
574,Public,,3.6,3.8,700,620,580,1320,1900,,400 of 2500,Applied,,
575,Private,,3.5,3.8,700,600,650,1300,1950,,DR,Applied,,
576,Public,MD,3.85,4.67,710,650,730,1360,2090,34,DR,Applied,,
577,Private,,3.4,3.5,720,700,640,1420,2060,30,1 of 42,Applied,,
578,Public,WA,3.75,4.02,,,,0,0,29,Top 25%,Applied,,
579,Public,NY,3.68,,690,480,570,1170,1740,,20 of 167,Applied,,
580,Public,CA,3.9,4.3,800,660,580,1460,2040,31,4 of 500,Applied,,
581,Public,NJ,3.5,3.8,800,700,800,1500,2300,,Top 25%,Applied,,
582,Public,PA,3.65,4.13,730,640,630,1370,2000,,17 of 137,Applied,,
583,Public,OR,3.85,,800,680,690,1480,2170,31,47 of 442,Applied,,
584,,NY,4,,760,690,720,1450,2170,,2 of 20,Applied,,
585,Public,VA,3.83,3.83,740,670,680,1410,2090,31,DR,Applied,,
586,Public,FL,3.8,,650,630,730,1280,2010,26,3 of 288,Applied,,
587,Public,NJ,3.98,4.48,770,670,720,1440,2160,,23 of 193,Applied,,
588,Private,FL,3.95,4.3,800,660,620,1460,2080,,1 of 250,Applied,,
589,Public,NY,3.95,4,800,770,770,1570,2340,,15 of 440,Applied,,
590,Private,CA,3.7,4.01,,,,0,0,33,11 of 110,Applied,,
591,Public,NJ,2.74,3,,,,0,0,24,Top 50%,Applied,,
592,Parochial,OH,3.9,3.9,,,,0,0,31,Top 10%,Applied,,
593,Public,MA,3.8,4.2,740,680,640,1420,2060,32,4 of 200,Applied,,
594,Public,VA,3.9,4.2,,,,0,0,34,5 of 320,Applied,,
595,Public,CO,3.67,3.84,620,680,650,1300,1950,29,54 of 402,Applied,,
596,Public,,4,4,790,786,779,1576,2355,33,118 of 500,Applied,,
597,Home,MD,3.92,,760,730,670,1490,2160,,DR,Applied,,
598,Private,CA,3.9,4.37,700,600,600,1300,1900,28,Top 25%,Applied,,
599,Public,WA,3.49,3.8,620,510,490,1130,1620,25,73 of 412,Applied,,
600,Public,CA,4,,800,600,530,1400,1930,,Top 10%,Applied,,
601,Public,MD,3.6,5,,,,0,0,32,11 of 200,Applied,,
602,Parochial,CA,3.8,4.1,,,,0,0,33,DR,Applied,,
603,Public,FL,3.21,4.7,620,490,470,1110,1580,25,65 of 936,Applied,,
604,Private,CA,3.3,3.8,730,570,690,1300,1990,28,DR,Applied,,
605,Public,FL,3.6,4.5,530,540,570,1070,1640,23,Top 10%,Applied,,
606,Public,PA,4,4.63,800,800,720,1600,2320,34,1 of 103,Applied,,
607,Private,IL,3.91,4.5,620,600,550,1220,1770,30,DR,Applied,,
608,Public,OH,3.76,4.13,700,680,730,1380,2110,33,Top 10%,Applied,,
609,Public,NY,4,4.3,720,730,640,1450,2090,30,2 of 230,Applied,,
610,Private,NY,3.8,4.04,530,510,530,1040,1570,,Top 25%,Applied,,
611,Public,NY,3.7,3.9,700,630,650,1330,1980,,Top 10%,Applied,,
612,Public,NJ,3.6,3.3,760,620,610,1380,1990,,Top 25%,Applied,,
613,Public,CT,3.5,4.08,720,710,630,1430,2060,31,54 of 300,Applied,,
614,Public,WA,3.6,,740,720,740,1460,2200,33,DR,Applied,,
615,Public,CA,3.74,4.19,800,630,660,1430,2090,34,Top 10%,Applied,,
616,Parochial,FL,4,4.19,750,760,740,1510,2250,,Top 10%,Applied,,
617,Public,PA,4,4.7,680,670,670,1350,2020,,8 of 278,Applied,,
618,Public,CA,3.6,3.87,770,790,690,1560,2250,34,Top 25%,Applied,,
619,Public,CA,3.5,3.8,770,690,690,1460,2150,,71 of 644,Applied,,
620,Public,TX,3.8,4.14,,,,0,0,33,100 of 1258,Applied,,
621,Parochial,NY,3.85,4.35,720,680,750,1400,2150,33,Top 10%,Applied,,
622,Parochial,NJ,3.87,4.35,740,680,710,1420,2130,32,2 of 200,Applied,,
623,Public,CA,3.76,4.17,800,720,730,1520,2250,,DR,Applied,,
624,Public,CA,3.59,4.07,,,,0,0,32,Top 25%,Applied,,
625,Public,PA,4,4,610,650,690,1260,1950,31,37 of 401,Applied,,
626,Public,MA,3.71,,740,710,710,1450,2160,,DR,Applied,,
627,Public,WA,3.95,4.45,780,660,680,1440,2120,31,28 of 380,Applied,,
628,Public,TX,3.9,4.3,790,740,790,1530,2320,,11 of 350,Applied,,
629,Public,TX,3.51,4.34,690,760,670,1450,2120,35,Top 25%,Applied,,
630,Public,NH,3.7,,750,600,680,1350,2030,,Top 10%,Applied,,
631,Public,NJ,3.84,4.24,670,710,730,1380,2110,,35 of 147,Applied,,
632,Public,PA,3.7,4.4,750,670,680,1420,2100,,Top 10%,Applied,,
633,Public,CA,3.3,3.5,680,640,700,1320,2020,,DR,Applied,,
634,Public,CA,3.3,3.5,770,700,630,1470,2100,,Top 25%,Applied,,
635,Parochial,NY,3.95,4.22,720,800,770,1520,2290,,1 of 700,Applied,,
636,Private,,3.75,,760,660,670,1420,2090,,DR,Applied,,
637,Public,NY,3.6,,780,700,630,1480,2110,,DR,Applied,,
638,Public,NJ,3.7,4,780,530,570,1310,1880,,25 of 577,Applied,,
639,Public,,3.85,,760,800,670,1560,2230,,5 of 113,Applied,,
640,Parochial,MA,3.93,4.2,690,730,780,1420,2200,,5 of 225,Applied,,
641,Parochial,WA,3.8,,760,710,670,1470,2140,,DR,Applied,,
642,Private,OR,3.82,,780,540,650,1320,1970,,DR,Applied,,
643,Public,FL,3.5,4.2,800,640,580,1440,2020,30,95 of 501,Applied,,
644,Public,GA,3.89,3.75,,,,0,0,30,39 of 575,Applied,,
645,Private,,,,,,,0,0,31,,Applied,,
646,Parochial,,3.72,4.1,740,620,700,1360,2060,,Top 25%,Applied,,
647,Public,CA,4,,750,790,740,1540,2280,,Top 10%,Applied,,
648,Public,TX,3.5,,660,600,560,1260,1820,27,Bottom 50%,Applied,,
649,Parochial,CT,,,,,,0,0,,,Applied,,
650,Public,NY,3.5,3.8,790,650,680,1440,2120,,24 of 264,Applied,,
651,Private,NY,3.75,,,,,0,0,36,DR,Applied,,
652,Public,PA,3.89,4.12,630,580,580,1210,1790,,39 of 568,Applied,,
653,Public,MA,3.95,4.4,770,800,760,1570,2330,,3 of 250,Applied,,
654,Public,NJ,3.36,3.94,690,540,560,1230,1790,,Top 25%,Applied,,
655,Public,VA,3.5,,700,560,640,1260,1900,,48 of 187,Applied,,
656,Public,NJ,,3.71,730,700,610,1430,2040,,DR,Applied,,
657,Public,PA,3.95,4.45,800,700,660,1500,2160,33,6 of 330,Applied,,
658,Public,OH,3.7,3.9,710,630,600,1340,1940,30,48 of 240,Applied,,
659,Public,OR,4,4.48,800,780,750,1580,2330,36,1 of 386,Applied,,
660,Public,CA,3.83,,560,570,580,1130,1710,,DR,Applied,,
661,Public,OH,3.4,,,,,0,0,,127 of 257,Applied,,
662,Public,MD,4,4.76,800,800,800,1600,2400,,2 of 383,Applied,,
663,Public,TX,3.7,3.88,650,650,650,1300,1950,,17 of 94,Applied,,
664,Public,CA,3.95,4.75,,,,0,0,29,6 of 464,Applied,,
665,Public,PA,4,,680,670,670,1350,2020,29,Top 10%,Applied,,
666,Private,CA,3.85,4.1,630,670,740,1300,2040,,25 of 130,Applied,,
667,Public,CA,3.62,3.68,520,590,590,1110,1700,,Top 50%,Applied,,
668,Public,PA,4,4.44,740,660,660,1400,2060,,2 of 150,Applied,,
669,Private,,3.59,4.25,720,670,700,1390,2090,,DR,Applied,,
670,Public,NH,4,,,,,0,0,35,5 of 225,Applied,,
671,Public,IL,3.93,4.49,700,730,670,1430,2100,34,3 of 400,Applied,,
672,Public,NJ,4,,770,740,800,1510,2310,,Top 10%,Applied,,
673,Public,NJ,3.86,4.6,800,780,770,1580,2350,,2 of 166,Applied,,
674,Public,CA,3.75,4.25,710,680,660,1390,2050,,DR,Applied,,
675,Private,,3.85,4.1,800,670,700,1470,2170,,DR,Applied,,
676,Public,NJ,,3.65,650,560,640,1210,1850,,Top 25%,Applied,,
677,Private,OH,3.8,3.9,680,660,620,1340,1960,31,DR,Applied,,
678,Parochial,PA,4,4.25,,,,0,0,32,1 of 38,Applied,,
679,Public,FL,3.97,4.97,630,620,600,1250,1850,27,4 of 452,Applied,,
680,Public,NJ,4,4.48,740,700,780,1440,2220,,3 of 410,Applied,,
681,Public,PA,4,4.1,730,610,570,1340,1910,32,3 of 260,Applied,,
682,Parochial,,3.7,,740,700,720,1440,2160,,Top 10%,Applied,,
683,Public,CA,3.81,4.8,780,620,690,1400,2090,34,7 of 622,Applied,,
684,Public,PA,3.88,,690,690,660,1380,2040,34,Top 10%,Applied,,
685,Public,NY,3.71,,660,570,690,1230,1920,27,,Applied,,
686,Public,PA,3.98,4.7,730,630,530,1360,1890,,1 of 181,Applied,,
687,Public,NY,3.73,4,800,700,700,1500,2200,,Top 10%,Applied,,
688,Public,NJ,3.3,3.8,750,760,690,1510,2200,,DR,Applied,,
689,,NY,3.98,4.49,800,780,720,1580,2300,35,Top 10%,Applied,,
690,Public,NY,4,,,,,0,0,30,7 of 316,Applied,,
691,Public,OH,3.8,5,660,660,610,1320,1930,30,4 of 580,Applied,,
692,Public,FL,3.1,3.4,490,600,610,1090,1700,22,236 of 331,Applied,,
693,Public,NY,4,4,780,580,630,1360,1990,,3 of 404,Applied,,
694,Public,MD,3.76,4.55,680,690,710,1370,2080,,34 of 350,Applied,,
695,Public,NJ,3.71,4.3,790,740,740,1530,2270,34,DR,Applied,,
696,Public,NJ,3.81,4.05,,,,0,0,28,Top 10%,Applied,,
697,Public,IL,3.75,,,,,0,0,32,DR,Applied,,
698,Public,NJ,3.8,4.45,800,660,690,1460,2150,,1 of 165,Applied,,
699,Public,FL,3.77,4.46,770,790,730,1560,2290,34,12 of 425,Applied,,
700,Public,CT,3.5,4.39,,,,0,0,32,Top 10%,Applied,,
701,Public,NJ,3.6,3.96,720,730,730,1450,2180,34,DR,Applied,,
702,Public,,4,,800,510,640,1310,1950,,DR,Applied,,
703,Public,CA,4,4.8,,,,0,0,33,Top 10%,Applied,,
704,Parochial,NY,3.8,,,,,0,0,,Top 10%,Applied,,
705,Parochial,PA,3.99,4.98,720,670,760,1390,2150,,Top 10%,Applied,,
706,Public,OH,3.95,4.4,760,620,640,1380,2020,31,Top 10%,Applied,,
707,Public,PA,3.1,3.1,800,700,700,1500,2200,,Top 25%,Applied,,
708,Public,IL,3.45,4.25,,,,0,0,35,DR,Applied,,
709,Public,WA,3.66,4.14,750,660,600,1410,2010,,102 of 409,Applied,,
710,Public,NC,3.93,4.7,670,670,650,1340,1990,,3 of 180,Applied,,
711,Public,MD,3.8,4.48,670,700,720,1370,2090,,Top 10%,Applied,,
712,Public,NJ,3.83,4.77,,,,0,0,30,11 of 512,Applied,,
713,Parochial,NY,3.4,,610,530,530,1140,1670,24,DR,Applied,,
714,Public,FL,3.52,4.6,640,710,730,1350,2080,30,89 of 505,Applied,,
715,Public,VA,3.9,4.3,700,800,700,1500,2200,32,Top 10%,Applied,,
716,Public,CA,4,4.5,750,740,730,1490,2220,,Top 10%,Applied,,
717,Private,PA,3.5,,720,760,750,1480,2230,,Top 10%,Applied,,
718,Parochial,NJ,,,,,,0,0,,,Applied,,
719,Private,NY,4,,800,630,640,1430,2070,32,25 of 405,Applied,,
720,Public,TX,3.72,4.2,,,,0,0,34,97 of 1107,Applied,,
721,Private,,4,,800,600,650,1400,2050,30,3 of 1010,Applied,,
722,Public,IA,3.95,,,,,0,0,33,8 of 340,Applied,,
723,Public,VA,3.2,3.78,770,800,650,1570,2220,,Top 10%,Applied,,
724,Private,NJ,3.85,4.1,,,,0,0,31,DR,Applied,,
725,Public,WA,3.92,,700,760,750,1460,2210,,19 of 493,Applied,,
726,Public,FL,3.65,4.58,,,,0,0,31,55 of 398,Applied,,
727,Public,NY,3.91,4.05,,,,0,0,30,Top 25%,Applied,,
728,Public,GA,3.8,4.3,750,740,740,1490,2230,,Top 10%,Applied,,
729,Public,MA,3.7,4.5,720,740,690,1460,2150,,2 of 294,Applied,,
730,Private,,3.81,,640,780,660,1420,2080,,DR,Applied,,
731,Public,CA,3.3,3.7,800,720,780,1520,2300,,Top 25%,Applied,,
732,Public,TX,3.36,4.13,770,600,550,1370,1920,30,67 of 537,Applied,,
733,Parochial,CA,3.87,4.2,670,620,630,1290,1920,29,Top 10%,Applied,,
734,Private,,3.9,,,,,0,0,29,Top 10%,Applied,,
735,Private,CA,3.73,4.25,720,580,690,1300,1990,31,DR,Applied,,
736,Public,NH,3.35,3.85,690,570,600,1260,1860,,DR,Applied,,
737,Public,MA,3.85,4.35,,,,0,0,33,Top 10%,Applied,,
738,Public,NY,3.7,,700,660,700,1360,2060,30,Top 25%,Applied,,
739,Private,,3.41,,,,,0,0,28,DR,Applied,,
740,Public,NY,4,4,710,700,700,1410,2110,,Top 25%,Applied,,
741,Private,CA,3.7,3.9,700,650,700,1350,2050,,DR,Applied,,
742,Public,,3.83,4.24,510,510,560,1020,1580,,Top 25%,Applied,,
743,Public,CA,3.3,3.7,630,640,570,1270,1840,28,DR,Applied,,
744,Public,IL,3.63,,770,700,640,1470,2110,,Top 25%,Applied,,
745,,NY,3.5,4.1,770,770,650,1540,2190,32,142 of 1177,Applied,,
746,,NY,3.9,4.4,800,730,720,1530,2250,,6 of 508,Applied,,
747,,NY,2.7,3.8,570,560,510,1130,1640,23,Top 10%,Applied,,
748,Public,CA,3.88,4.26,800,700,760,1500,2260,,36 of 452,Applied,,
749,Private,NY,3.7,4.6,800,650,600,1450,2050,,Top 25%,Applied,,
750,Private,,3.68,4.6,750,690,520,1440,1960,,Top 10%,Applied,,
751,Public,OH,3.95,,640,650,700,1290,1990,33,2 of 100,Applied,,
752,Public,TX,4,4.5,610,560,620,1170,1790,23,7 of 545,Applied,,
753,Public,CA,3.94,4.12,720,630,730,1350,2080,,DR,Applied,,
754,Public,FL,3.72,4.6,,,,0,0,34,40 of 580,Applied,,
755,Public,MI,3.2,3.4,630,550,610,1180,1790,27,DR,Applied,,
756,Parochial,NY,4,,750,760,660,1510,2170,35,Top 10%,Applied,,
757,Public,MS,3.8,,720,720,720,1440,2160,34,Top 10%,Applied,,
758,Public,VA,4,4,590,590,590,1180,1770,27,DR,Applied,,
759,Public,NJ,3.9,4.75,800,770,800,1570,2370,,9 of 322,Applied,,
760,Private,NY,3.2,3.2,590,570,680,1160,1840,,DR,Applied,,
761,Public,NJ,3.2,3.2,,,,0,0,20,Top 50%,Applied,,
762,Public,CA,3.8,4.21,800,620,600,1420,2020,32,11 of 398,Applied,,
763,Public,CA,4,4.38,700,640,650,1340,1990,34,16 of 610,Applied,,
764,Public,MD,4,4.3,800,800,800,1600,2400,,1 of 386,Applied,,
765,Public,PA,3.88,4.19,700,710,710,1410,2120,,DR,Applied,,
766,Public,CA,3.75,,,,,0,0,33,DR,Applied,,
767,Parochial,PA,3.6,3.8,790,620,740,1410,2150,,DR,Applied,,
768,Public,NE,3.9,,,,,0,0,31,Top 25%,Applied,,
769,Public,MD,4,4.7,730,750,780,1480,2260,,DR,Applied,,
770,Private,MA,3.76,4.25,770,650,620,1420,2040,,DR,Applied,,
771,Private,PA,3.4,,710,600,710,1310,2020,,DR,Applied,,
772,Public,NH,3.5,3.85,630,720,760,1350,2110,26,Top 25%,Applied,,
773,Public,MD,3.9,4.8,,,,0,0,34,5 of 454,Applied,,
774,Public,CA,3.1,3.67,650,670,530,1320,1850,,Top 50%,Applied,,
775,Private,WA,4,4,740,670,740,1410,2150,35,Top 10%,Applied,,
776,Public,VA,3.8,4.07,,,,0,0,30,12 of 200,Applied,,
777,Public,CA,3.84,4.6,675,656,663,1331,1994,31,33 of 469,Applied,,
778,Public,,3.9,,800,650,700,1450,2150,,Top 10%,Applied,,
779,Public,NY,3.75,4.75,790,660,760,1450,2210,34,Top 10%,Applied,,
780,Public,OH,4,4.38,,,,0,0,33,5 of 229,Applied,,
781,Parochial,CT,,4.13,590,590,640,1180,1820,26,DR,Applied,,
782,Public,OH,3.98,4.28,800,800,710,1600,2310,35,DR,Applied,,
783,Private,VA,3.6,3.8,800,430,510,1230,1740,,2 of 30,Applied,,
784,Public,OH,3.89,4.22,700,690,700,1390,2090,,11 of 842,Applied,,
785,Public,CA,3.98,4.47,770,670,710,1440,2150,,15 of 330,Applied,,
786,Public,IL,3.6,4.27,,,,0,0,34,DR,Applied,,
787,Public,CA,3.75,4.35,700,800,730,1500,2230,,Top 10%,Applied,,
788,Private,NY,3.95,4.25,,,,0,0,30,Top 10%,Applied,,
789,Public,IL,3.5,4.5,,,,0,0,34,DR,Applied,,
790,Public,CT,3.3,,620,740,670,1360,2030,,DR,Applied,,
791,Public,TX,3.76,4.16,760,630,600,1390,1990,29,4 of 325,Applied,,
792,Public,FL,3.65,4.95,680,710,670,1390,2060,,56 of 568,Applied,,
793,Public,NJ,4,4.5,740,710,730,1450,2180,34,Top 10%,Applied,,
794,Public,TX,4,4.31,800,800,800,1600,2400,36,1 of 638,Applied,,
795,Public,PA,3.7,4.7,800,710,710,1510,2220,,42 of 421,Applied,,
796,Public,FL,3.84,4.66,650,670,710,1320,2030,31,15 of 904,Applied,,
797,Public,MA,3.9,4.37,,,,0,0,33,Top 10%,Applied,,
798,Public,TX,3.7,4.21,750,680,680,1430,2110,34,49 of 961,Applied,,
799,Public,NV,2.47,3.27,670,600,490,1270,1760,,244 of 714,Applied,,
800,Public,NJ,,4.1,750,530,600,1280,1880,,Top 25%,Applied,,
801,Public,IL,3.35,4.05,660,700,640,1360,2000,34,DR,Applied,,
802,Public,OH,3.52,3.7,570,610,550,1180,1730,22,4 of 64,Applied,,
803,Private,CA,3.8,4,640,630,750,1270,2020,29,DR,Applied,,
804,Public,TX,3.2,3.88,740,630,690,1370,2060,33,186 of 965,Applied,,
805,Public,VA,3.94,4.44,800,630,700,1430,2130,32,10 of 600,Applied,,
806,Public,FL,3.68,4.88,,,,0,0,33,15 of 704,Applied,,
807,Public,NY,3.7,,,,,0,0,,Top 25%,Applied,,
808,Public,MD,3.18,,540,580,450,1120,1570,,DR,Applied,,
809,Public,NY,3.81,,700,560,640,1260,1900,,DR,Applied,,
810,Public,CA,3.68,4.05,760,680,720,1440,2160,,Top 25%,Applied,,
811,,NY,4,4.52,800,800,790,1600,2390,,1 of 75,Applied,,
812,Private,FL,3.3,,610,490,530,1100,1630,24,Top 10%,Applied,,
813,Private,,3.6,4.1,720,670,730,1390,2120,,10 of 65,Applied,,
814,Public,NJ,3.78,4.12,680,640,740,1320,2060,,22 of 354,Applied,,
815,Public,OH,3.98,4.44,710,750,720,1460,2180,35,4 of 495,Applied,,
816,Public,MN,3.99,,690,670,650,1360,2010,31,15 of 570,Applied,,
817,Public,CA,3.82,4.35,,,,0,0,32,Top 10%,Applied,,
818,Public,IL,3.14,3.57,,,,0,0,32,DR,Applied,,
819,Private,,3.8,,760,670,730,1430,2160,34,Top 10%,Applied,,
820,Public,FL,3.9,4.7,700,680,590,1380,1970,,5 of 500,Applied,,
821,Parochial,NJ,2.8,2.8,750,650,650,1400,2050,,Top 25%,Applied,,
822,Public,NJ,3.48,4.15,720,630,640,1350,1990,33,Top 10%,Applied,,
823,Public,FL,3.9,4.7,620,580,570,1200,1770,,,Applied,,
824,Public,NJ,3.75,4.11,730,540,610,1270,1880,,Top 10%,Applied,,
825,Public,CA,3.4,3.8,,,,0,0,35,Top 10%,Applied,,
826,Public,CA,3.7,4.05,760,590,660,1350,2010,,27 of 599,Applied,,
827,Public,ME,3.2,3.9,800,600,560,1400,1960,,10 of 50,Applied,,
828,Public,WA,3.92,4.47,800,740,740,1540,2280,34,14 of 411,Applied,,
829,Public,VA,3.8,4.2,760,680,630,1440,2070,,Top 25%,Applied,,
830,Private,TX,3.57,,720,650,670,1370,2040,32,DR,Applied,,
831,Public,OH,3.78,,730,750,730,1480,2210,33,44 of 226,Applied,,
832,Public,PA,3.23,,650,700,680,1350,2030,,Top 25%,Applied,,
833,Public,PA,3.8,4,630,670,610,1300,1910,,6 of 92,Applied,,
834,,NY,4,4.43,800,780,770,1580,2350,,2 of 277,Applied,,
835,Public,CA,3.57,3.87,730,670,630,1400,2030,34,Top 25%,Applied,,
836,Public,CA,3.93,4.68,790,770,800,1560,2360,,Top 10%,Applied,,
837,Private,,3.9,,710,550,530,1260,1790,,Top 25%,Applied,,
838,Private,,3.8,,690,800,740,1490,2230,,Top 10%,Applied,,
839,Public,MD,3.85,4.58,,,,0,0,34,DR,Applied,,
840,Public,PA,4,4.33,710,740,800,1450,2250,,7 of 357,Applied,,
841,Public,MD,3.57,4.31,720,660,780,1380,2160,,DR,Applied,,
842,Public,,3.9,,690,610,610,1300,1910,,DR,Applied,,
843,Public,PA,4,4.14,630,630,680,1260,1940,29,1 of 196,Applied,,
844,Public,TX,3.98,,,,,0,0,29,4 of 742,Applied,,
845,Public,CA,3.58,3.88,720,640,630,1360,1990,,2 of 747,Applied,,
846,Public,MI,3.6,3.6,,,,0,0,29,DR,Applied,,
847,Public,CA,3.7,3.85,500,500,490,1000,1490,,Top 25%,Applied,,
848,Parochial,RI,3.8,4,700,640,690,1340,2030,,Top 10%,Applied,,
849,Public,IL,4,4.9,800,780,750,1580,2330,35,32 of 1047,Applied,,
850,Public,,4,4.3,770,570,700,1340,2040,,DR,Applied,,
851,Public,CA,3.97,4.3,800,760,790,1560,2350,,2 of 600,Applied,,
852,Public,IL,3.9,4.9,,,,0,0,35,10 of 698,Applied,,
853,Parochial,CA,3.68,3.93,740,410,510,1150,1660,,53 of 226,Applied,,
854,Private,MA,3.2,3.3,690,720,690,1410,2100,,Top 50%,Applied,,
855,Public,NY,3.7,3.75,670,630,670,1300,1970,31,Top 25%,Applied,,
856,,NY,3.72,,800,530,560,1330,1890,,Top 25%,Applied,,
857,Public,MA,3.95,4.88,780,670,740,1450,2190,,14 of 363,Applied,,
858,Public,MI,3.95,,720,690,680,1410,2090,,15 of 128,Applied,,
859,Public,NJ,3.75,,730,620,680,1350,2030,28,DR,Applied,,
860,Public,CA,3.7,4.04,660,800,740,1460,2200,,DR,Applied,,
861,Public,PA,3.3,4.3,,,,0,0,29,DR,Applied,,
862,Public,NJ,3.89,4.24,770,590,630,1360,1990,,16 of 162,Applied,,
863,Public,CA,4,5,690,600,620,1290,1910,31,1 of 693,Applied,,
864,Public,IL,3.42,,800,780,750,1580,2330,35,DR,Applied,,
865,Public,OK,3.9,,770,560,690,1330,2020,,,Applied,,
866,Public,NJ,2.84,3.59,800,800,790,1600,2390,,DR,Applied,,
867,Private,,4,,800,670,730,1470,2200,,1 of 100,Applied,,
868,Public,OK,4,4.1,750,540,610,1290,1900,31,1 of 450,Applied,,
869,Public,CA,3.58,4.16,,,,0,0,32,75 of 849,Applied,,
870,Public,OH,3.84,4.14,,,,0,0,30,5 of 117,Applied,,
871,Public,NJ,3.85,3.95,750,760,650,1510,2160,,57 of 351,Applied,,
872,Public,OH,3.45,3.68,710,650,620,1360,1980,32,Top 50%,Applied,,
873,Public,MD,3.86,4.57,800,630,800,1430,2230,,11 of 308,Applied,,
874,,NY,4,,590,590,570,1180,1750,,Top 10%,Applied,,
875,Public,IL,3.6,4.4,,,,0,0,32,20 of 898,Applied,,
876,Public,FL,3.52,4.34,770,760,790,1530,2320,34,DR,Applied,,
877,Public,CA,3.92,4.17,,,,0,0,32,28 of 495,Applied,,
878,Private,TX,3.56,,760,750,730,1510,2240,,DR,Applied,,
879,Public,NY,3.9,4.65,690,640,650,1330,1980,30,10 of 193,Applied,,
880,Public,CA,3.8,4,500,580,610,1080,1690,,10 of 150,Applied,,
881,Public,OR,4,,,,,0,0,34,1 of 301,Applied,,
882,Public,MA,3.77,3.84,710,580,610,1290,1900,28,10 of 424,Applied,,
883,Public,TX,3.67,3.93,760,710,610,1470,2080,30,11 of 170,Applied,,
884,Public,NJ,3.52,4.23,740,650,670,1390,2060,31,,Applied,,
885,Public,MA,4,4.33,780,650,590,1430,2020,31,5 of 410,Applied,,
886,Public,IL,4,5,800,800,800,1600,2400,36,DR,Applied,,
887,Public,CA,3.59,3.47,510,470,500,980,1480,17,125 of 905,Applied,,
888,Parochial,HI,3.8,,630,630,680,1260,1940,,Top 10%,Applied,,
889,Public,NY,3.83,,,,,0,0,35,20 of 263,Applied,,
890,Private,,3.38,3.88,720,600,680,1320,2000,,DR,Applied,,
891,Private,PA,4,4,770,530,610,1300,1910,,Top 10%,Applied,,
892,Public,NJ,3.96,5,800,800,690,1600,2290,,18 of 623,Applied,,
893,Public,PA,3.54,,660,590,520,1250,1770,,Top 50%,Applied,,
894,Public,MA,3.1,3.5,720,660,670,1380,2050,,Top 50%,Applied,,
895,Public,PA,3.8,4.34,730,750,710,1480,2190,,15 of 385,Applied,,
896,Public,VA,4,4.2,650,660,590,1310,1900,27,1 of 288,Applied,,
897,Private,,4,,800,670,730,1470,2200,,1 of 100,Applied,,
898,Private,,3.7,4,620,610,630,1230,1860,27,DR,Applied,,
899,Private,FL,3.4,3.79,610,670,590,1280,1870,,Top 25%,Applied,,
900,Public,CA,3.63,4,740,680,710,1420,2130,,Top 10%,Applied,,
901,Public,PA,3.9,4.02,690,710,720,1400,2120,,1 of 346,Applied,,
902,Private,PR,3,3.4,800,650,680,1450,2130,,DR,Applied,,
903,Public,WA,4,5,740,800,790,1540,2330,34,1 of 60,Applied,,
904,Public,GA,3.63,3.83,780,600,690,1380,2070,,Top 25%,Applied,,
905,Public,NJ,3.4,3.7,720,670,720,1390,2110,32,DR,Applied,,
906,Public,WA,3.65,,620,520,490,1140,1630,25,Top 25%,Applied,,
907,Public,NY,2.7,3,690,680,630,1370,2000,,Top 50%,Applied,,
908,Public,FL,3.59,,770,560,740,1330,2070,,Top 10%,Applied,,
909,,,,,,,,0,0,29,,Applied,,
910,Private,,,,770,730,750,1500,2250,,Top 10%,Applied,,
911,Public,NJ,3.4,4.13,710,650,680,1360,2040,,Top 25%,Applied,,
912,Public,FL,3.35,5,710,730,660,1440,2100,,60 of 118,Applied,,
913,Public,TX,3.96,5,780,700,800,1480,2280,34,2 of 606,Applied,,
914,Public,TX,3.87,4.36,800,580,750,1380,2130,,25 of 688,Applied,,
915,Public,CA,3.95,4.38,740,570,620,1310,1930,,30 of 767,Applied,,
916,Public,IL,3.71,4.12,,,,0,0,32,Top 25%,Applied,,
917,Private,,3.65,3.65,690,430,620,1120,1740,,Top 25%,Applied,,
918,Private,,4,4,,,,0,0,31,3 of 125,Applied,,
919,Parochial,NC,3.51,3.93,660,650,680,1310,1990,30,DR,Applied,,
920,Private,,3.96,,790,550,610,1340,1950,,Top 10%,Applied,,
921,Private,NY,3.95,4.3,770,550,660,1320,1980,,Top 10%,Applied,,
922,Private,,,,600,570,580,1170,1750,,,Applied,,
923,Private,DE,3.9,4.26,550,640,630,1190,1820,30,DR,Applied,,
924,Public,PA,3.95,4.39,780,790,730,1570,2300,,Top 10%,Applied,,
925,Public,NY,3.8,3.9,700,660,740,1360,2100,,DR,Applied,,
926,Public,NY,3.83,4.2,790,800,750,1590,2340,34,Top 10%,Applied,,
927,Public,NJ,3.8,4.1,,,,0,0,,DR,Applied,,
928,Private,,4,,710,670,650,1380,2030,,Top 10%,Applied,,
929,Parochial,NJ,3.5,,680,580,570,1260,1830,,Top 50%,Applied,,
930,Public,OH,3.98,4.3,670,620,730,1290,2020,29,11 of 284,Applied,,
931,Public,PA,3.9,4.9,660,640,720,1300,2020,,DR,Applied,,
932,Public,MD,3.96,4.82,800,700,750,1500,2250,34,Top 10%,Applied,,
933,Public,CT,3.59,3.74,680,560,720,1240,1960,,65 of 278,Applied,,
934,Public,MA,3.72,4.67,800,710,670,1510,2180,,19 of 209,Applied,,
935,Parochial,NJ,3.7,3.8,720,590,690,1310,2000,,Top 25%,Applied,,
936,Public,CA,3.83,4.06,740,690,780,1430,2210,,12 of 304,Applied,,
937,Public,NY,3.56,3.63,750,650,650,1400,2050,,Top 25%,Applied,,
938,Public,PA,3.5,3.81,800,680,690,1480,2170,,70 of 360,Applied,,
939,,NY,3.4,,750,620,630,1370,2000,,Top 25%,Applied,,
940,Public,PA,3.7,4.2,800,710,710,1510,2220,,30 of 420,Applied,,
941,Public,NY,3.87,,740,760,690,1500,2190,,,Applied,,
942,Public,FL,,,,,,0,0,,,Applied,,
943,Public,CA,3.7,3.75,780,670,770,1450,2220,,89 of 896,Applied,,
944,Public,MD,3.8,4.6,700,690,690,1390,2080,,Top 10%,Applied,,
945,Public,NH,3.9,4.94,,,,0,0,34,8 of 500,Applied,,
946,Public,NJ,3.8,4.4,,,,0,0,35,Top 10%,Applied,,
947,Public,TN,4,,770,630,720,1400,2120,33,Top 10%,Applied,,
948,Parochial,NY,3.9,4.3,740,540,600,1280,1880,28,DR,Applied,,
949,Public,CA,3.67,,700,490,560,1190,1750,,Top 25%,Applied,,
950,Public,MA,3.69,3.89,600,610,580,1210,1790,28,36 of 315,Applied,,
951,Parochial,,3.97,4,760,700,780,1460,2240,34,DR,Applied,,
952,Public,PA,4,4.5,660,710,720,1370,2090,,15 of 208,Applied,,
953,Public,NJ,3.3,,670,530,590,1200,1790,,Top 25%,Applied,,
954,Public,CA,4,4,770,720,580,1490,2070,,Top 10%,Applied,,
955,Parochial,DE,3.89,4.22,,,,0,0,33,DR,Applied,,
956,Public,PA,3.8,4.2,800,630,610,1430,2040,,,Applied,,
957,Private,CA,3.4,4.4,,,,0,0,28,DR,Applied,,
958,Parochial,NC,3.29,4.04,800,660,660,1460,2120,,DR,Applied,,
959,Public,NH,4,5,800,760,800,1560,2360,,1 of 565,Applied,,
960,Public,CO,3.45,,780,650,630,1430,2060,,DR,Applied,,
961,Private,GU,3.82,3.97,800,600,640,1400,2040,,Top 25%,Applied,,
962,Public,CA,3.55,4.28,730,730,800,1460,2260,,Top 10%,Applied,,
963,Public,NY,4,,800,670,730,1470,2200,,Top 10%,Applied,,
964,Public,WA,3.52,4.28,750,800,780,1550,2330,35,DR,Applied,,
965,Public,CA,3.58,4.14,710,680,610,1390,2000,,DR,Applied,,
966,Private,NJ,3.6,3.7,,,,0,0,33,6 of 48,Applied,,
967,Public,,,4.13,760,620,730,1380,2110,,,Applied,,
968,Public,IN,3.78,4.15,800,590,610,1390,2000,29,7 of 78,Applied,,
969,Private,,3.8,,800,600,660,1400,2060,,DR,Applied,,
970,Public,NY,3.84,4.4,790,600,730,1390,2120,,101 of 1005,Applied,,
971,Public,NY,4,4.8,730,740,720,1470,2190,,1 of 229,Applied,,
972,Parochial,WI,3.95,4,,,,0,0,32,DR,Applied,,
973,Public,MD,3.77,4.49,,,,0,0,31,DR,Applied,,
974,Public,NJ,3.79,4.16,800,760,720,1560,2280,35,DR,Applied,,
975,Public,WA,3.96,4.39,800,630,800,1430,2230,35,Top 10%,Applied,,